;id,expireTime,option(eachday)
8453,2022-03-24 23:59:59,eachday
975,2020-01-02 10:00,
976,2020-01-02 10:00,
2092,2020-01-02 10:00,
2222,2020-01-02 10:00,
2505,2020-03-19 10:00,
2507,2020-03-19 10:00,
2508,2020-03-19 10:00,
2510,2020-03-19 10:00,
2091,2020-04-28 10:00,
2094,2020-04-28 10:00,
2179,2020-07-09 10:00,
2521,2020-07-09 10:00,
2187,2020-08-20 10:00,
2195,2020-08-20 10:00,
2196,2020-08-20 10:00,
2197,2020-08-20 10:00,
2199,2020-08-20 10:00,
2504,2020-08-20 10:00,
2522,2020-09-03 10:00,
2523,2020-09-03 10:00,
2189,2020-09-24 10:00,
2080,2020-10-15 10:00,
2526,2020-10-29 10:00,
2527,2020-10-29 10:00,
2528,2020-10-29 10:00,
2198,2020-11-12 10:00,
8283,2020-12-10 10:00,
8284,2020-12-10 10:00,
8285,2020-12-10 10:00,
2579,2021-03-04 10:00,
2506,2021-03-25 10:00,
2556,2021-07-15 10:00,
8531,2021-07-29 10:00,
2633,2021-09-16 10:00,
247,2021-09-23 10:00,
2577,2021-09-23 10:00,
2626,2021-12-02 10:00,
2636,2021-11-18 10:00,
2649,2022-02-03 10:00,
;220120,,
2617,2022-03-03 10:00,
;220421,,
2624,2022-05-04 10:00,
2667,2022-05-04 10:00,
2676,2022-06-16 10:00,
;220616,,
2525,2022-06-30 10:00,
2593,2022-06-30 10:00,
;220630,,
2679,2022-07-28 10:00,
;220714,,
2680,2022-08-25 10:00,
;220825,,
2668,2022-09-15 10:00,
2684,2022-09-22 10:00,
;220922
2640,2022-10-06 10:00,
;221020
251,2022-11-03 10:00,
;221110
2641,2022-11-24 10:00,
;221215
2612,2022-12-29 10:00,
;221229
2693,2023-01-26 10:00,
2648,2023-02-23 10:00,
;230209
174,2023-02-23 10:00,
;230309
2014,2023-03-23 10:00,
2015,2023-03-23 10:00,
2016,2023-03-23 10:00,
2514,2023-03-23 10:00,
;230406
2712,2023-04-23 23:59:59,
;230504
2709,2023-05-18 10:00,
;230629
2720,2023-07-27 10:00:00,
2718,2023-07-27 10:00:00,
2722,2023-07-13 10:00:00,
;230713
8126,2023-08-10 10:00,
2719,2023-09-30 23:59:59,
;230810
2726,2023-08-24 10:00,
2727,2023-08-24 10:00,
2728,2023-08-24 10:00,
;230921
2620,2024-01-11 10:00,
;231005
2634,2023-10-19 10:00,
2734,2023-11-02 10:00,
2735,2023-11-02 10:00,
2736,2023-11-02 10:00,
;231116
2670,2023-11-30 10:00,
2671,2023-11-30 10:00,
2672,2023-11-30 10:00,
2673,2023-11-30 10:00,
2674,2023-11-30 10:00,
;231130
2737,2023-12-14 10:00:00,
2738,2024-01-30 10:00:00,
2739,2024-01-04 10:00:00,
2740,2024-01-04 10:00:00,
2741,2024-01-04 10:00:00,
2742,2024-01-04 10:00:00,
;231214
2750,2024-02-29 10:00:00,
2751,2024-01-18 10:00:00,
;240118
2758,2024-02-15 10:00:00,
2724,2024-02-01 10:00:00,
2725,2024-02-01 10:00:00,
;240201
2619,2024-03-14 10:00,
;240314
;2772,2024-09-26 07:00:00,
;240418

;240627
2788,2024-12-31 23:59,
2789,2024-12-31 23:59,
2790,2024-12-31 23:59,
8898,2024-07-25 07:00,
2729,2024-07-25 07:00,
2792,2024-07-25 07:00,
2775,2024-09-26 07:00,
2784,2024-07-11 07:00,
;240711
2597,2024-08-22 07:00,
2765,2024-08-22 07:00,
;240725
2817,2024-10-10 07:00,
2818,2024-10-10 07:00,
2819,2024-10-10 07:00,
9116,2024-10-10 07:00,
2825,2025-01-16 07:00,
2826,2025-01-16 07:00,
;241212
2517,2025-01-16 07:00,
2524,2025-01-01 23:59:59,
2827,2025-01-31 23:59:59,
2839,2025-02-20 07:00,
2832,2025-01-16 07:00,
2643,2025-02-20 07:00,
2753,2025-01-16 07:00,
;250116
2608,2025-02-20 07:00,
2844,2025-02-20 07:00,
2696,2025-03-06 07:00,
2697,2025-03-06 07:00,
2698,2025-03-06 07:00,
2721,2025-03-06 07:00,
;250206
2659,2025-03-06 07:00,
;250306
2791,2025-04-03 07:00,
;2763,2025-05-15 07:00,
;2700,2025-05-15 07:00,
;2652,2025-05-15 07:00,
;2853,2025-05-15 07:00,

;250429

;250515

;250529
2856,2025-06-26 07:00,
2857,2025-06-26 07:00,
2858,2025-06-26 07:00,
2859,2025-06-26 07:00,
2860,2025-06-26 07:00,

;250626
2814,2025-09-04 07:00,


;250710
2870,2025-09-18 07:00,

2871,2025-09-04 07:00,
2872,2025-09-04 07:00,
2873,2025-09-04 07:00,
2874,2025-09-04 07:00,

2875,2025-07-23 23:59:59,
2876,2025-07-23 23:59:59,

2869,2025-09-04 07:00,
2877,2025-09-04 07:00,

2621,2025-09-04 07:00,
;250724
2908,2025-08-21 07:00,

;250807
2785,2025-08-17 23:59:59,

;250821

;250904

;250918

;251016
2642,2025-11-13 07:00,

9235,2026-02-05 07:00,
9236,2026-02-05 07:00,
9237,2026-02-05 07:00,
9238,2026-02-05 07:00,
9239,2026-02-05 07:00,
9240,2026-02-05 07:00,
9241,2026-02-05 07:00,
9242,2026-02-05 07:00,
9244,2026-02-05 07:00,
9245,2026-02-05 07:00,
9246,2026-02-05 07:00,
9251,2026-02-05 07:00,
9253,2026-02-05 07:00,
9255,2026-02-05 07:00,
9257,2026-02-05 07:00,
9258,2026-02-05 07:00,

9144,2025-11-13 07:00,


;251113

; 8571,2025-12-07 23:59:59,

2835,2026-01-08 07:00,
2836,2026-01-08 07:00,
2837,2026-01-08 07:00,

2824,2025-12-11 07:00,

;251211
2941,2026-01-08 07:00,
2516,2026-01-08 07:00,

2943,2026-01-08 07:00,
2774,2026-11-30 07:00,

2607,2026-01-08 07:00,
9633,2026-01-22 07:00,
2942,2026-01-22 07:00,

;260108
2964,2026-01-14 23:59:59,
2530,2026-02-11 23:59:59,
8578,2026-02-11 23:59:59,
2965,2026-02-11 23:59:59,
2966,2026-02-11 23:59:59,
2967,2026-02-11 23:59:59,
2968,2026-02-11 23:59:59,
2959,2026-02-05 07:00:00,
2961,2026-02-05 07:00:00,
2962,2026-02-05 07:00:00,

;260122
;260205
2990,2026-02-18 23:59:59,

2850,2026-02-18 23:59:59,

289,2026-04-02 07:00,
290,2026-04-02 07:00,
291,2026-04-02 07:00,
292,2026-04-02 07:00,
293,2026-04-02 07:00,
294,2026-04-02 07:00,
295,2026-04-02 07:00,
296,2026-04-02 07:00,
2843,2026-04-02 07:00,
2616,2026-04-02 07:00,

2868,2026-04-02 07:00,
2976,2026-04-02 07:00,

2984,2026-04-02 07:00,
2985,2026-04-02 07:00,
2986,2026-04-02 07:00,

2981,2026-04-02 07:00,
2982,2026-04-02 07:00,
2983,2026-04-02 07:00,

9522,2026-12-10 07:00,
9523,2026-12-10 07:00,
9524,2026-12-10 07:00,
9243,2026-12-10 07:00,
9247,2026-12-10 07:00,
9248,2026-12-10 07:00,
9249,2026-12-10 07:00,
9250,2026-12-10 07:00,
9252,2026-12-10 07:00,
9254,2026-12-10 07:00,
9256,2026-12-10 07:00,

2555,2026-03-05 07:00,

;260226
2992,2026-03-19 07:00,
2993,2026-03-19 07:00,

;260305
2754,2026-06-11 07:00,
2755,2026-06-11 07:00,
2756,2026-06-11 07:00,
2757,2026-06-11 07:00,

2999,2026-04-02 07:00,

9707,2026-04-02 07:00,
9706,2026-03-19 07:00,
2997,2026-04-02 07:00,
2998,2026-04-02 07:00,

;260402
7201,2026-04-16 07:00,

7207,2026-04-29 07:00,



2923,2026-06-25 07:00,
2922,2026-06-25 07:00,

7208,2026-05-28 07:00,

;260429
2773,2026-05-14 07:00,
2771,2026-05-28 23:59:59,

;260514
7209,2026-05-14 07:00,

7210,2026-05-28 07:00,

;260528
7215,2026-07-09 07:00,
2855,2026-06-25 07:00,
7216,2026-06-25 07:00,

9184,2026-06-25 07:00,
2863,2026-06-25 07:00,
2864,2026-06-25 07:00,
2865,2026-06-25 07:00,

7212,2026-06-25 07:00,
7213,2026-06-25 07:00,
7214,2026-06-25 07:00,

2851,2026-06-25 07:00,
2783,2026-06-25 07:00,
2782,2026-06-25 07:00,

2916,2026-06-25 07:00,
2917,2026-06-25 07:00,

2778,2026-06-11 23:59:59,
2847,2026-06-11 23:59:59,
2849,2026-06-11 23:59:59,
2846,2026-06-11 23:59:59,
7203,2026-06-11 23:59:59,

8114,2026-06-25 07:00,

;260604
7217,2026-06-25 07:00,

;260625
7220,2026-10-15 07:00,
2682,2026-10-15 07:00,
2854,2026-10-15 07:00,
2852,2026-10-15 07:00,
2762,2026-10-15 07:00,
2794,2026-10-15 07:00,
2793,2026-10-15 07:00,
2919,2026-10-15 07:00,
2920,2026-10-15 07:00,
2913,2026-10-15 07:00,
2563,2026-10-15 07:00,
2759,2026-10-15 07:00,
2760,2026-10-15 07:00,
2752,2026-10-15 07:00,
7221,2026-07-23 07:00,
7222,2026-07-23 07:00,
7223,2026-07-23 07:00,
7224,2026-07-23 07:00,
7225,2026-07-23 07:00,
7229,2026-07-23 07:00,
7230,2026-07-23 07:00,
7231,2026-07-23 07:00,
7228,2026-07-09 07:00,
2960,2026-07-09 07:00,
7226,2026-07-09 07:00,

;260709

7241,2026-09-03 07:00,
7242,2026-09-03 07:00,
7243,2026-09-03 07:00,
7244,2026-09-03 07:00,
7245,2026-09-03 07:00,
2911,2026-09-03 07:00,
2912,2026-09-03 07:00,
2777,2026-09-03 07:00,

2596,2026-09-03 07:00,
2598,2026-09-03 07:00,

7248,2026-09-03 07:00,
7249,2026-09-03 07:00,
7250,2026-09-03 07:00,
7251,2026-09-03 07:00,
7252,2026-09-03 07:00,
7254,2026-09-03 07:00,

7218,2026-09-03 07:00,
2599,2026-09-03 07:00,

7236,2026-09-03 07:00,
2867,2026-09-03 07:00,
2766,2026-09-03 07:00,
2623,2026-09-03 07:00,
2653,2026-09-03 07:00,
2681,2026-09-03 07:00,
2683,2026-09-03 07:00,
2975,2026-09-03 07:00,
2764,2026-09-03 07:00,
2705,2026-09-03 07:00,
2980,2026-09-03 07:00,
2842,2026-09-03 07:00,
2699,2026-09-03 07:00,
2977,2026-09-03 07:00,
2973,2026-09-03 07:00,
2654,2026-09-03 07:00,
2655,2026-09-03 07:00,
2656,2026-09-03 07:00,
2657,2026-09-03 07:00,

7255,2026-09-03 07:00,

7238,2026-09-03 07:00,
7239,2026-09-03 07:00,
7240,2026-09-03 07:00,

7247,2026-08-20 07:00,

7257,2026-08-06 07:00,

; 260723
2991,2026-08-06 07:00,